907656,CST_left,sel-1-20 , 1 , 0.26850655344286506 , 0.013106885730108916 , 0.4190133237306446
907656,CG_left,sel-1-20 , 1 , 0.12150664513725003 , 0.00018631225934666502 , 0.2166486725908701
907656,CST_left,sel-1-20-bootstrap , 1 , 0.6948956987262322 , 0.23006276536828502 , 0.7219851354591225
907656,CST_left,rank-3 , 1 , 0.6802658297950895 , 0.23347793981908804 , 0.7109267610388984
907656,CST_left,avg-1-20-bootstrap , 1 , 0.7406774967694296 , 0.3052889052981355 , 0.7240368131372372
907656,CST_left,avg-1-20 , 1 , 0.7401236846963264 , 0.24404652021414067 , 0.7460284232316888
907656,CG_right,sel-1-20 , 1 , 0.3613314208572393 , 0.01252953088086399 , 0.5260087207517042
907656,CST_left,rank-3-bootstrap , 1 , 0.6978955141222078 , 0.21612516152852132 , 0.7292455332384925
907656,CST_right,sel-1-20 , 1 , 0.28230228869249946 , 0.011058237026965782 , 0.43654075268063636
907656,IFO_left,rank-3 , 1 , 0.3139135370918108 , 0.09930985031818589 , 0.44425182867532026
907656,IFO_left,sel-1-20 , 1 , 0.17050581100056766 , 0.010516566580024499 , 0.28874272704275233
907656,IFO_left,avg-1-20 , 1 , 0.3479728720384811 , 0.10680887932837381 , 0.4783849834678496
907656,CST_right,rank-3 , 1 , 0.5622479039202357 , 0.17104010876954454 , 0.648764544384887
907656,CG_left,sel-1-20-bootstrap , 1 , 0.39864613091541423 , 0.01319711837038877 , 0.5647172674687135
907656,CST_right,sel-1-20-bootstrap , 1 , 0.5775209607976434 , 0.1367323815998187 , 0.6737871777924653
907656,CST_right,avg-1-20 , 1 , 0.6132336279175165 , 0.1953772943575799 , 0.6781266444483424
907656,IFO_left,sel-1-20-bootstrap , 1 , 0.27934629978190073 , 0.04834035433658988 , 0.4208015481896532
907656,CST_right,avg-1-20-bootstrap , 1 , 0.5862225243598459 , 0.16614547926580558 , 0.6690632597113744
907656,CG_right,sel-1-20-bootstrap , 1 , 0.6018393520080999 , 0.1092220722240972 , 0.70346902043936
907656,IFO_right,sel-1-20 , 1 , 0.14389724350618383 , 0.0006676628620481353 , 0.25144444444444447
907656,IFO_left,rank-3-bootstrap , 1 , 0.3214424427116011 , 0.0981147859340922 , 0.45287704676516394
907656,IFO_left,avg-1-20-bootstrap , 1 , 0.34848077440172087 , 0.12631830539870337 , 0.47258067783562585
907656,IFO_right,rank-3 , 1 , 0.3078879598130544 , 0.037643468031666294 , 0.45764514071028567
907656,CST_right,rank-3-bootstrap , 1 , 0.5869929753002493 , 0.15118966689326988 , 0.6754100070398665
907656,CG_right,rank-3-bootstrap , 1 , 0.5861879851501857 , 0.11955788052649342 , 0.6873098706502114
907656,CG_right,rank-3 , 1 , 0.5678366520418495 , 0.1285437057036787 , 0.6694685533809157
907656,IFO_right,avg-1-20 , 1 , 0.3142784472069437 , 0.030458143897243505 , 0.46742008700586346
907656,IFO_right,sel-1-20-bootstrap , 1 , 0.2435379772994627 , 0.02002988586144406 , 0.38547668771859195
907656,ILF_left,sel-1-20 , 1 , 0.13235458926370056 , 5.603496581867085e-05 , 0.2337572368746598
907656,IFO_right,avg-1-20-bootstrap , 1 , 0.28868470416176517 , 0.030394556958000828 , 0.4377063800043385
907656,ILF_right,sel-1-20 , 1 , 0.1125158027812895 , 0.00497787610619469 , 0.2013717033161281
907656,IFO_right,rank-3-bootstrap , 1 , 0.31981051092105683 , 0.048834769338377895 , 0.46733878461252554
907656,ILF_right,rank-3 , 1 , 0.2710967130214918 , 0.036583438685208594 , 0.4146223564954683
907656,ILF_right,avg-1-20 , 1 , 0.2463653603034134 , 0.05854930467762326 , 0.3775961247350893
907656,CG_right,avg-1-20-bootstrap , 1 , 0.6255906176172797 , 0.15845426932163348 , 0.7013171273853721
907656,ILF_right,sel-1-20-bootstrap , 1 , 0.20851769911504425 , 0.024494310998735776 , 0.3382249279077219
907656,ILF_right,avg-1-20-bootstrap , 1 , 0.26667193426042984 , 0.02552149178255373 , 0.4127430598018833
907656,ILF_right,rank-3-bootstrap , 1 , 0.2525284450063211 , 0.042509481668773705 , 0.3899938987187309
907656,ILF_left,rank-3 , 1 , 0.30785610220777765 , 0.0039784825731256305 , 0.46935201401050786
907656,ILF_left,sel-1-20-bootstrap , 1 , 0.30841645186596434 , 0.0013448391796481004 , 0.4709506289039103
907656,CG_left,rank-3 , 1 , 0.41985467643770963 , 0.014842876661284312 , 0.5852866696967729
907656,CG_left,rank-3-bootstrap , 1 , 0.40196869954042974 , 0.016053906347037634 , 0.566942583103403
907656,OR_right,sel-1-20 , 1 , 0.2912470471217207 , 0.0649011562849683 , 0.4295209718083887
907656,ILF_left,avg-1-20 , 1 , 0.39437408943180546 , 0.00857334977025664 , 0.5622079322602548
907656,ILF_left,avg-1-20-bootstrap , 1 , 0.37089543875378234 , 0.0054353916844110724 , 0.5389626251933881
907656,ILF_left,rank-3-bootstrap , 1 , 0.3819343270200605 , 0.012159587582651574 , 0.5479319908356445
907656,OR_left,sel-1-20 , 1 , 0.4375346721402419 , 0.07145234661045156 , 0.5799051505459358
907656,CG_right,avg-1-20 , 1 , 0.6191781977725278 , 0.1163938575767803 , 0.7135148274185708
907656,CG_left,avg-1-20-bootstrap , 1 , 0.4275245311141473 , 0.020245932182337598 , 0.5905971173644475
907656,OR_right,sel-1-20-bootstrap , 1 , 0.3753574536864354 , 0.17885117493472585 , 0.4830206791728331
907656,OR_right,avg-1-20 , 1 , 0.5023001367648887 , 0.20738530399104813 , 0.5875936295542142
907656,OR_left,sel-1-20-bootstrap , 1 , 0.5531454565627427 , 0.14734272717186286 , 0.6505725377613937
907656,OR_right,rank-3 , 1 , 0.500124331717021 , 0.22491607609101083 , 0.57984071498072
907656,OR_right,avg-1-20-bootstrap , 1 , 0.4918562725351237 , 0.21708317791868706 , 0.5756275009094216
907656,CG_left,avg-1-20 , 1 , 0.459663395851447 , 0.021643274127437585 , 0.6206188160321986
907656,OR_right,rank-3-bootstrap , 1 , 0.49645654606490114 , 0.2463632972771354 , 0.5697164258962012
907656,OR_left,rank-3 , 1 , 0.6956063463885499 , 0.22295573061133916 , 0.7251330094841545
907656,OR_left,avg-1-20-bootstrap , 1 , 0.7084211694219461 , 0.25840452679463 , 0.7203700569752355
907656,OR_left,rank-3-bootstrap , 1 , 0.694441362476423 , 0.23033396205480972 , 0.721581738528937
907656,OR_left,avg-1-20 , 1 , 0.694108509930101 , 0.21263730167535783 , 0.7280556282912921
910241,CST_left,sel-1-20 , 1 , 0.17874012456631694 , 0.0015466287672950716 , 0.30287576143929734
910241,CST_left,rank-3 , 1 , 0.7236132592066212 , 0.26484972620490743 , 0.7278116459953753
910241,CG_left,sel-1-20 , 1 , 0.2280859067448167 , 0.0009622955122036567 , 0.37115860277239
910241,CST_left,avg-1-20 , 1 , 0.7724365673201522 , 0.3171424988504786 , 0.7393226509832163
910241,CST_right,sel-1-20 , 1 , 0.11196557722237481 , 0.001739448869358235 , 0.20106863953966297
910241,CST_left,sel-1-20-bootstrap , 1 , 0.6813526731597208 , 0.18241859298582955 , 0.731154820911925
910241,CG_right,sel-1-20 , 1 , 0.3301405022094039 , 0.01566427645331146 , 0.49062168219889113
910241,CST_right,rank-3 , 1 , 0.5736977020964936 , 0.21949098233086148 , 0.6398631745545514
910241,CST_left,rank-3-bootstrap , 1 , 0.7328094302554028 , 0.2752581198010283 , 0.7298653177626512
910241,CST_right,sel-1-20-bootstrap , 1 , 0.4838872104733132 , 0.07131740364368763 , 0.622281089036056
910241,CST_right,avg-1-20 , 1 , 0.6274832921358601 , 0.2517165613842351 , 0.6678196477723918
910241,CST_left,avg-1-20-bootstrap , 1 , 0.7339380512477532 , 0.28646072816954393 , 0.7265279099598626
910241,CST_right,avg-1-20-bootstrap , 1 , 0.6094937288290763 , 0.21253318685342854 , 0.6690282383680032
910241,IFO_left,sel-1-20 , 1 , 0.08412782673319885 , 0.002080900307888311 , 0.15490176913302708
910241,CST_right,rank-3-bootstrap , 1 , 0.5336903781012542 , 0.2063535658701822 , 0.6134217241470024
910241,IFO_left,sel-1-20-bootstrap , 1 , 0.37451958806667374 , 0.06206603673426054 , 0.5214023885538607
910241,IFO_right,sel-1-20 , 1 , 0.21209661835748791 , 0.006512077294685991 , 0.3480963480963481
910241,IFO_left,rank-3 , 1 , 0.4685210744240365 , 0.11506529355557915 , 0.5917215301894635
910241,CG_left,sel-1-20-bootstrap , 1 , 0.4812133671594786 , 0.02582888636164815 , 0.6386196087537006
910241,CG_right,sel-1-20-bootstrap , 1 , 0.5477998571163972 , 0.08472468446537719 , 0.6711076534085384
910241,IFO_left,avg-1-20 , 1 , 0.5157447712071345 , 0.15086527232190253 , 0.6189147523856846
910241,IFO_left,avg-1-20-bootstrap , 1 , 0.5040025480411934 , 0.14697950950207028 , 0.6105487891142464
910241,IFO_left,rank-3-bootstrap , 1 , 0.49393778532752947 , 0.13254060940651874 , 0.607370853405397
910241,ILF_left,sel-1-20 , 1 , 0.18313738993556003 , 0.00029514486693885583 , 0.309502036744534
910241,ILF_left,sel-1-20-bootstrap , 1 , 0.22204732156033252 , 0.007181858428845491 , 0.3612789627436072
910241,ILF_left,rank-3 , 1 , 0.4040041320281371 , 0.047665896010625215 , 0.5566060113178137
910241,ILF_left,avg-1-20 , 1 , 0.3841310443209209 , 0.022234246642727138 , 0.5462749213011543
910241,ILF_left,avg-1-20-bootstrap , 1 , 0.3632249495794186 , 0.033843278075655465 , 0.5199816907855357
910241,ILF_right,sel-1-20 , 1 , 0.158047581816151 , 0.010499273986373283 , 0.2705027719365322
910241,ILF_right,rank-3 , 1 , 0.44136043784206413 , 0.09991064447671172 , 0.5727226610623958
910241,IFO_right,sel-1-20-bootstrap , 1 , 0.3942608695652174 , 0.06311111111111112 , 0.5410572932550153
910241,ILF_left,rank-3-bootstrap , 1 , 0.3929853903290865 , 0.04555069113089675 , 0.5463684858432499
910241,ILF_right,sel-1-20-bootstrap , 1 , 0.2662794593990841 , 0.021947950407684574 , 0.41340443057181253
910241,ILF_right,avg-1-20 , 1 , 0.44627499162291967 , 0.09722997877806322 , 0.5782618134452565
910241,CG_right,rank-3 , 1 , 0.6266504379117827 , 0.17111634429656286 , 0.6971431935593071
910241,OR_left,sel-1-20 , 1 , 0.38467723922269376 , 0.029260665624301987 , 0.5441218286941961
910241,CG_right,avg-1-20 , 1 , 0.6413092371603207 , 0.1425131638134046 , 0.7190281238875045
910241,ILF_right,rank-3-bootstrap , 1 , 0.4346029263933877 , 0.09538702111024237 , 0.5681121331581253
910241,ILF_right,avg-1-20-bootstrap , 1 , 0.42622584608511116 , 0.1099072936445884 , 0.5549334690612957
910241,IFO_right,rank-3 , 1 , 0.5316135265700483 , 0.20032850241545894 , 0.6138929798723614
910241,OR_left,sel-1-20-bootstrap , 1 , 0.4251507706053161 , 0.05490283672101854 , 0.5745072590625094
910241,CG_right,rank-3-bootstrap , 1 , 0.5987616754425422 , 0.13928505278755324 , 0.6890052674846999
910241,OR_right,sel-1-20 , 1 , 0.11320974699778477 , 0.006995452955578874 , 0.20212323064113238
910241,CG_right,avg-1-20-bootstrap , 1 , 0.6142671923372053 , 0.13915275315534623 , 0.7006503991428614
910241,CG_left,avg-1-20-bootstrap , 1 , 0.5771804741492433 , 0.07153792319132185 , 0.7001565277372457
910241,OR_right,rank-3 , 1 , 0.3796782091640434 , 0.13081497026932493 , 0.5027208521477364
910241,OR_right,avg-1-20 , 1 , 0.4062026349539466 , 0.10551474874664801 , 0.5374055221348142
910241,OR_right,sel-1-20-bootstrap , 1 , 0.2894951614783724 , 0.06074384983094322 , 0.42880580260771956
910241,OR_left,rank-3 , 1 , 0.5765914675005585 , 0.13911101183828456 , 0.6721345623079727
910241,CG_left,rank-3 , 1 , 0.5471743504505293 , 0.07009447992301636 , 0.6766646832909612
910241,IFO_right,avg-1-20 , 1 , 0.5665893719806764 , 0.17708212560386474 , 0.6498808666260321
910241,OR_right,avg-1-20-bootstrap , 1 , 0.3795033228401539 , 0.11874781392095138 , 0.5065950741216295
910241,OR_right,rank-3-bootstrap , 1 , 0.4042205899498659 , 0.14404803544362832 , 0.5221582137881697
910241,OR_left,avg-1-20 , 1 , 0.599374581192763 , 0.11954433772615591 , 0.6973855189978689
910241,OR_left,avg-1-20-bootstrap , 1 , 0.5881617154344427 , 0.13348224257315167 , 0.6832559225719401
910241,OR_left,rank-3-bootstrap , 1 , 0.5813714540987268 , 0.1437569801206165 , 0.6740036771370121
910241,IFO_right,avg-1-20-bootstrap , 1 , 0.5518454106280193 , 0.18910144927536232 , 0.6339600861322618
910241,IFO_right,rank-3-bootstrap , 1 , 0.5417971014492754 , 0.18997101449275364 , 0.625715529073076
912447,CST_left,sel-1-20 , 1 , 0.25156186794912133 , 0.016629960897118972 , 0.39672526226254606
910241,CG_left,rank-3-bootstrap , 1 , 0.5904776484996939 , 0.08931851981453941 , 0.7030348796333667
912447,CG_left,sel-1-20 , 1 , 0.22613605808012907 , 0.010193355985235523 , 0.36581845502896576
912447,CST_right,rank-3 , 1 , 0.6515827602498819 , 0.3829597354191821 , 0.6405201775209
912447,CST_left,rank-3 , 1 , 0.7152231560969032 , 0.4673019012090431 , 0.6554088840379744
912447,CST_left,avg-1-20 , 1 , 0.7312238752303475 , 0.42033349813474763 , 0.6797158972216419
912447,CST_left,sel-1-20-bootstrap , 1 , 0.6121173985347657 , 0.2016270394175019 , 0.6749764583436586
912447,CST_right,sel-1-20 , 1 , 0.2445797679668224 , 0.017586224998687595 , 0.38755562949715094
912447,CST_left,avg-1-20-bootstrap , 1 , 0.7232684615038878 , 0.4232999235920716 , 0.6738834565212839
912447,CG_right,sel-1-20 , 1 , 0.3378555942447934 , 0.013074042441363905 , 0.5001823708206687
912447,CST_right,avg-1-20 , 1 , 0.7203527744238543 , 0.3935639666124206 , 0.6815337240488726
912447,CST_left,rank-3-bootstrap , 1 , 0.7306845251471976 , 0.4154344015461369 , 0.6809357264026472
912447,CST_right,sel-1-20-bootstrap , 1 , 0.6417134757730064 , 0.21670428893905191 , 0.6906019603965989
912447,CST_right,avg-1-20-bootstrap , 1 , 0.6960995327838732 , 0.38395716310567485 , 0.6693082300683946
912447,CST_right,rank-3-bootstrap , 1 , 0.6706388786812956 , 0.33293086251246784 , 0.669444007755594
912447,CG_left,sel-1-20-bootstrap , 1 , 0.4654477009948911 , 0.07482461072135715 , 0.6043706654393677
912447,IFO_left,sel-1-20 , 1 , 0.21393808437165532 , 0.028231587875360974 , 0.3444587147014355
912447,CG_left,rank-3 , 1 , 0.44608765797257327 , 0.08729130509178909 , 0.5818361523378341
912447,CG_left,avg-1-20-bootstrap , 1 , 0.4672321494047765 , 0.09318242929428731 , 0.5988564267251508
912447,CG_left,rank-3-bootstrap , 1 , 0.45955657679239287 , 0.10523356718570485 , 0.5873715124816447
912447,CG_left,avg-1-20 , 1 , 0.483218851597448 , 0.09589576865726368 , 0.6120123839009288
912447,IFO_left,sel-1-20-bootstrap , 1 , 0.4126496900179729 , 0.15054827439972535 , 0.527955766845804
912447,IFO_left,rank-3 , 1 , 0.4872271249419415 , 0.24291686019507663 , 0.5632214765100672
912447,IFO_left,avg-1-20 , 1 , 0.4962337688563985 , 0.21634120236676832 , 0.5795177171157361
912447,ILF_left,rank-3 , 1 , 0.23172396673699888 , 0.021782301104629514 , 0.36972127333036287
912447,ILF_left,sel-1-20 , 1 , 0.1497455628645898 , 0.01644532704480576 , 0.2568114091102597
912447,IFO_right,sel-1-20 , 1 , 0.22386399125546533 , 0.007905215490318552 , 0.36348366240927965
912447,ILF_left,avg-1-20 , 1 , 0.21583716023333746 , 0.013900955690703735 , 0.35102947113443683
912447,ILF_left,sel-1-20-bootstrap , 1 , 0.16569442720615613 , 0.008874270820404618 , 0.28213663021081
912447,IFO_left,avg-1-20-bootstrap , 1 , 0.5060279892566489 , 0.2536198226943194 , 0.5751468968049945
912447,ILF_left,avg-1-20-bootstrap , 1 , 0.1644532704480576 , 0.013032145960034752 , 0.27932960893854747
912447,IFO_left,rank-3-bootstrap , 1 , 0.489327328904057 , 0.24693551969950928 , 0.563655818930424
912447,ILF_right,sel-1-20 , 1 , 0.20150497449623755 , 0.009999494975001263 , 0.332652465713452
912447,ILF_left,rank-3-bootstrap , 1 , 0.19244135534317985 , 0.011790989201936204 , 0.31960834836382374
912447,OR_left,sel-1-20 , 1 , 0.25681230019789925 , 0.014005175825848683 , 0.404168663152851
912447,ILF_right,rank-3 , 1 , 0.3549315691126711 , 0.02656431493358921 , 0.513836592944617
912447,ILF_right,avg-1-20 , 1 , 0.3579617191050957 , 0.044189687389525785 , 0.5105892522691254
912447,ILF_right,sel-1-20-bootstrap , 1 , 0.28220796929448005 , 0.018382909954042726 , 0.43396885799712653
912447,CG_right,rank-3 , 1 , 0.6071874384074634 , 0.1854345969384403 , 0.6774294038958422
912447,CG_right,sel-1-20-bootstrap , 1 , 0.6297877931804744 , 0.1934826883910387 , 0.6908330931104064
912447,ILF_right,avg-1-20-bootstrap , 1 , 0.3976566840058583 , 0.06353214484116963 , 0.544291984930702
912447,IFO_right,sel-1-20-bootstrap , 1 , 0.4166341349156777 , 0.07192770143660213 , 0.5597807558154783
912447,ILF_right,rank-3-bootstrap , 1 , 0.38811171152972074 , 0.07130952982172617 , 0.5318707176967264
912447,OR_left,rank-3 , 1 , 0.4319277414116811 , 0.09331709544831786 , 0.5663716814159292
912447,OR_left,avg-1-20 , 1 , 0.4824174151316791 , 0.08392956817374538 , 0.6159777115459375
912447,OR_left,sel-1-20-bootstrap , 1 , 0.3100421170142589 , 0.029837113715938498 , 0.4627911380420375
912447,IFO_right,rank-3 , 1 , 0.5073782011242973 , 0.15263897564022486 , 0.6112927121792912
912447,OR_right,sel-1-20 , 1 , 0.33954146617605435 , 0.026379847155392017 , 0.49716109246135354
912447,IFO_right,avg-1-20 , 1 , 0.49701358525921296 , 0.11990552779512804 , 0.6147661701151645
912447,OR_left,avg-1-20-bootstrap , 1 , 0.4717613030902725 , 0.08550261328461968 , 0.6058848447326404
912447,OR_left,rank-3-bootstrap , 1 , 0.4528340183691074 , 0.09341858222966459 , 0.5857180362299816
912447,OR_right,rank-3 , 1 , 0.5426549674497594 , 0.13082366260968015 , 0.6485352817806643
912447,OR_right,sel-1-20-bootstrap , 1 , 0.4217378998018681 , 0.0652136994056043 , 0.5672516846232916
912447,CG_right,rank-3-bootstrap , 1 , 0.6454569344983904 , 0.23690953288220223 , 0.6857930649355182
912447,OR_right,avg-1-20 , 1 , 0.5305972261534107 , 0.09572601188791395 , 0.6525113996310349
912447,OR_right,avg-1-20-bootstrap , 1 , 0.537616756297764 , 0.1119162185111803 , 0.6518411750574831
912447,OR_right,rank-3-bootstrap , 1 , 0.5258420605717521 , 0.13065383526747806 , 0.6348848335725514
912447,IFO_right,avg-1-20-bootstrap , 1 , 0.4970916614615865 , 0.11803169893816365 , 0.6155463708215503
912447,CG_right,avg-1-20-bootstrap , 1 , 0.6198015899086788 , 0.22472242296826753 , 0.6720450214599918
912447,CG_right,avg-1-20 , 1 , 0.6561658235332763 , 0.20517705801195715 , 0.7050456205989799
912447,IFO_right,rank-3-bootstrap , 1 , 0.4970721424109931 , 0.14252810743285446 , 0.6063333333333333
917255,CST_left,sel-1-20 , 1 , 0.3555053587734897 , 0.016148411592252606 , 0.5183601962158374
917255,CST_left,rank-3 , 1 , 0.6417551785456818 , 0.2642379968279906 , 0.6734076352816581
917255,CG_left,sel-1-20 , 1 , 0.27352820867814104 , 0.01312104716654605 , 0.4251791347729329
917255,CST_left,sel-1-20-bootstrap , 1 , 0.5622627000528668 , 0.09208439467486904 , 0.6797397013537854
917255,CST_left,avg-1-20-bootstrap , 1 , 0.6821262075263133 , 0.21776325275147787 , 0.7180693632845109
917255,CST_left,avg-1-20 , 1 , 0.6933724227423463 , 0.23588215504397558 , 0.7187982661551492
917255,CST_left,rank-3-bootstrap , 1 , 0.6861152496755899 , 0.23857355697601768 , 0.7129622693335331
917255,CST_right,sel-1-20 , 1 , 0.27308775129862406 , 0.00785122328403188 , 0.42638682516097076
917255,CG_right,sel-1-20 , 1 , 0.31528158295281583 , 0.009162861491628614 , 0.47609635009653395
917255,CG_left,sel-1-20-bootstrap , 1 , 0.4232717661495862 , 0.03672005286177276 , 0.5798275862068966
917255,IFO_left,sel-1-20 , 1 , 0.17667776639344263 , 0.009818989071038252 , 0.2978141584959971
917255,IFO_left,rank-3 , 1 , 0.3562585382513661 , 0.11392161885245902 , 0.4846460980036298
917255,CST_right,rank-3 , 1 , 0.6656092628573694 , 0.23176969745033507 , 0.7016091954022988
917255,IFO_left,avg-1-20 , 1 , 0.39278090846994534 , 0.13172387295081966 , 0.5152898347801737
917255,CST_right,sel-1-20-bootstrap , 1 , 0.6461398152186844 , 0.1946944763868512 , 0.702007582285025
917255,IFO_left,sel-1-20-bootstrap , 1 , 0.28321379781420764 , 0.04032189207650273 , 0.42796548665430206
917255,CG_left,rank-3 , 1 , 0.43711651615745256 , 0.06585695856014599 , 0.5816689695599381
917255,CST_right,avg-1-20 , 1 , 0.705856695348745 , 0.2705499821563107 , 0.7142828481431696
917255,CST_right,rank-3-bootstrap , 1 , 0.6841666997105357 , 0.24826519687537174 , 0.7080888086346288
917255,CG_left,avg-1-20-bootstrap , 1 , 0.4615650860577074 , 0.05877725685157799 , 0.607185727886088
917255,CST_right,avg-1-20-bootstrap , 1 , 0.6947936079939728 , 0.3162694793607994 , 0.690971469132638
917255,IFO_left,rank-3-bootstrap , 1 , 0.37692110655737704 , 0.13065659153005466 , 0.5000353972276891
917255,IFO_left,avg-1-20-bootstrap , 1 , 0.3868681693989071 , 0.12743340163934427 , 0.5109526091736912
917255,CG_left,avg-1-20 , 1 , 0.4772977565211919 , 0.06900349265284289 , 0.617341228659219
917255,ILF_left,sel-1-20 , 1 , 0.017977120029053932 , 0.0 , 0.035319300749197285
917255,ILF_left,rank-3 , 1 , 0.1432721990194298 , 0.004237031656679378 , 0.24970988500896718
917255,IFO_right,sel-1-20 , 1 , 0.14225844004656577 , 0.0007163965254768515 , 0.24892663511861857
917255,CG_left,rank-3-bootstrap , 1 , 0.46493187753689313 , 0.05902897957899374 , 0.6101624925154336
917255,ILF_left,avg-1-20 , 1 , 0.18836632165123177 , 0.008595121360692452 , 0.3147408343868521
917255,ILF_left,sel-1-20-bootstrap , 1 , 0.1319532715937292 , 0.0010895224260032686 , 0.23291842512954752
917255,ILF_left,avg-1-20-bootstrap , 1 , 0.177107923249198 , 0.00520549603534895 , 0.2995955562381611
917255,ILF_left,rank-3-bootstrap , 1 , 0.2426003268567278 , 0.009745172810362569 , 0.3874335427742871
917255,ILF_right,sel-1-20 , 1 , 0.13871368264216538 , 0.022448472808542338 , 0.23892215568862277
917255,ILF_right,rank-3 , 1 , 0.3052396324807549 , 0.06078966972932704 , 0.44690056353390295
917255,ILF_right,sel-1-20-bootstrap , 1 , 0.28790663024584057 , 0.03411969207847033 , 0.4355535519741538
917255,OR_left,sel-1-20 , 1 , 0.24680442580710352 , 0.007982620118223614 , 0.3933805765823804
917255,ILF_right,avg-1-20 , 1 , 0.3059846039235163 , 0.05890240874099826 , 0.44836620333309074
917255,ILF_right,avg-1-20-bootstrap , 1 , 0.30320337720387386 , 0.053439284827414946 , 0.44699077463757503
917255,ILF_right,rank-3-bootstrap , 1 , 0.3322572634715669 , 0.0608393344921778 , 0.4770053475935829
917255,IFO_right,sel-1-20-bootstrap , 1 , 0.29991940539088385 , 0.018429300617892004 , 0.45499252818910474
917255,OR_right,sel-1-20 , 1 , 0.12768130745658834 , 0.007763023493360572 , 0.22490104354084203
917255,OR_right,rank-3 , 1 , 0.4505277494041539 , 0.12114402451481103 , 0.5733102253032929
917255,OR_left,rank-3 , 1 , 0.5290759359369474 , 0.07674430354165614 , 0.6589478983136169
917255,OR_left,sel-1-20-bootstrap , 1 , 0.42045167483453744 , 0.023796291618248876 , 0.5822430560414189
917255,OR_right,avg-1-20 , 1 , 0.40572012257405515 , 0.067551923731699 , 0.5507742084585163
917255,OR_right,sel-1-20-bootstrap , 1 , 0.2870275791624106 , 0.039087504256043584 , 0.4328848721372086
917255,OR_left,avg-1-20 , 1 , 0.5956651341383318 , 0.08720254635477188 , 0.7079167792488517
917255,OR_right,avg-1-20-bootstrap , 1 , 0.4398365679264556 , 0.08144364998297583 , 0.5782452999104745
917255,OR_right,rank-3-bootstrap , 1 , 0.4449438202247191 , 0.11297242083758938 , 0.5712037765538945
917255,OR_left,avg-1-20-bootstrap , 1 , 0.5518112464002425 , 0.06850906886272924 , 0.6811137788032802
917255,CG_right,sel-1-20-bootstrap , 1 , 0.6417047184170472 , 0.14182648401826484 , 0.719589001348376
917255,OR_left,rank-3-bootstrap , 1 , 0.5851058455009347 , 0.1035214469762037 , 0.6929958411872064
917255,IFO_right,avg-1-20 , 1 , 0.4547147846332945 , 0.07477388734664638 , 0.5945971264300519
917255,IFO_right,rank-3 , 1 , 0.42840512223515714 , 0.0839795826990239 , 0.5665292975226185
917255,IFO_right,avg-1-20-bootstrap , 1 , 0.45639831646816514 , 0.08050505955046118 , 0.5939193362311072
917255,IFO_right,rank-3-bootstrap , 1 , 0.4472105310289245 , 0.08095280737888422 , 0.5852915323762086
922854,CG_left,sel-1-20 , 1 , 0.3068786841604868 , 0.016590606579197566 , 0.46374885508521757
917255,CG_right,rank-3 , 1 , 0.649923896499239 , 0.21659056316590564 , 0.6964038163581505
922854,CST_left,sel-1-20 , 1 , 0.3656740778354068 , 0.03195386456784302 , 0.5232781439767478
917255,CG_right,rank-3-bootstrap , 1 , 0.6802435312024353 , 0.19777777777777777 , 0.7244257857455465
922854,CST_left,rank-3 , 1 , 0.7046534402089152 , 0.2974864894272968 , 0.7039002916613829
917255,CG_right,avg-1-20 , 1 , 0.6790867579908676 , 0.18748858447488584 , 0.7276285532560302
917255,CG_right,avg-1-20-bootstrap , 1 , 0.6565601217656012 , 0.19022831050228312 , 0.7110290602798885
922854,CST_left,sel-1-20-bootstrap , 1 , 0.6408182510608973 , 0.19607558666715028 , 0.6977194194885971
922854,CST_left,avg-1-20 , 1 , 0.7198142976315695 , 0.3600522287911211 , 0.6921735491071429
922854,CST_right,sel-1-20 , 1 , 0.28559435862995297 , 0.020105775688381466 , 0.43745780692448644
922854,CG_right,sel-1-20 , 1 , 0.3824207809325059 , 0.026909769894008458 , 0.5426984900146128
922854,CST_right,sel-1-20-bootstrap , 1 , 0.6037609133646743 , 0.20349227669576897 , 0.6681531029357116
922854,CST_left,rank-3-bootstrap , 1 , 0.7082441695984911 , 0.30278190852707554 , 0.7043609998917866
922854,CST_left,avg-1-20-bootstrap , 1 , 0.7592397809292373 , 0.3494613905915636 , 0.7201018249367894
922854,CG_left,sel-1-20-bootstrap , 1 , 0.5453983647081194 , 0.08095645559992394 , 0.6707003390623173
922854,CST_right,rank-3 , 1 , 0.6857790463398253 , 0.39162189388851576 , 0.6602279156227269
922854,CST_right,avg-1-20 , 1 , 0.7297683008730692 , 0.4373321020819342 , 0.6734974529818513
922854,CG_left,rank-3 , 1 , 0.5258841985168283 , 0.08314318311466058 , 0.6536671836915577
922854,IFO_left,sel-1-20 , 1 , 0.14792489167067888 , 0.013038035628310062 , 0.25483137866396827
922854,CST_right,rank-3-bootstrap , 1 , 0.7097884486232371 , 0.38314304902619206 , 0.6782720308050219
922854,CST_right,avg-1-20-bootstrap , 1 , 0.7214993284083278 , 0.4061030893216924 , 0.6782275883838383
922854,CG_left,avg-1-20-bootstrap , 1 , 0.5464679596881536 , 0.0955980224377258 , 0.6655858724759355
922854,CG_right,sel-1-20-bootstrap , 1 , 0.6012960623867318 , 0.08039980229556813 , 0.7151067859708706
922854,IFO_left,rank-3 , 1 , 0.4682715454983149 , 0.2511506981222918 , 0.5446847593552939
922854,IFO_right,sel-1-20 , 1 , 0.14511748221599483 , 0.004656175899978444 , 0.2524279125576512
922854,CG_left,avg-1-20 , 1 , 0.5933162198136528 , 0.10275242441528808 , 0.699637036310383
922854,IFO_left,sel-1-20-bootstrap , 1 , 0.3722099181511796 , 0.12533461723639866 , 0.49709362139917695
922854,ILF_left,sel-1-20 , 1 , 0.19163712301490943 , 0.03482103831771162 , 0.3125049497109369
922854,CG_left,rank-3-bootstrap , 1 , 0.5809564555999239 , 0.09768967484312607 , 0.69217263253285
922854,IFO_left,avg-1-20 , 1 , 0.46713529128550796 , 0.20523832450649976 , 0.5586494391856099
922854,IFO_left,avg-1-20-bootstrap , 1 , 0.46083774675012035 , 0.23684159845931632 , 0.5429031672565569
922854,IFO_right,sel-1-20-bootstrap , 1 , 0.3620823453330459 , 0.042875619745634835 , 0.5154351294955198
922854,ILF_left,sel-1-20-bootstrap , 1 , 0.33631198096255643 , 0.07653829342916808 , 0.47607589715385673
922854,IFO_left,rank-3-bootstrap , 1 , 0.4731054405392393 , 0.2483389504092441 , 0.5496610207415031
922854,ILF_left,rank-3 , 1 , 0.5158078772279151 , 0.14622893497158954 , 0.620693685533121
922854,ILF_right,sel-1-20 , 1 , 0.19514288166137475 , 0.014288166137475328 , 0.32270195480185904
922854,IFO_right,rank-3 , 1 , 0.544082776460444 , 0.1053675361069196 , 0.659714054209467
922854,ILF_left,avg-1-20-bootstrap , 1 , 0.5031810014083823 , 0.12660871254431547 , 0.6174796626836319
922854,ILF_left,avg-1-20 , 1 , 0.5013840998494488 , 0.11169928609586713 , 0.6216468463043805
922854,CG_right,rank-3 , 1 , 0.625487396342468 , 0.12834312702509748 , 0.7132814579386576
922854,CG_right,avg-1-20-bootstrap , 1 , 0.6474820143884892 , 0.11609643582843648 , 0.7342820664528384
922854,ILF_right,sel-1-20-bootstrap , 1 , 0.46464429760576675 , 0.10327812580451386 , 0.5926878660171857
922854,ILF_right,rank-3 , 1 , 0.5343259246545954 , 0.14738693898566893 , 0.6354544062866765
922854,IFO_right,avg-1-20-bootstrap , 1 , 0.5453761586548825 , 0.12224617374434145 , 0.6540763433771538
922854,IFO_right,avg-1-20 , 1 , 0.5320543220521664 , 0.11202845440827765 , 0.6472354429715874
922854,ILF_left,rank-3-bootstrap , 1 , 0.49269098149677043 , 0.11689573114467486 , 0.6121956370877711
922854,IFO_right,rank-3-bootstrap , 1 , 0.5045483940504419 , 0.09734856650140117 , 0.6299386370976424
922854,OR_left,sel-1-20 , 1 , 0.4380153803391087 , 0.07245436857222273 , 0.5799723968716455
922854,OR_right,sel-1-20 , 1 , 0.3347141673570837 , 0.03804728825441336 , 0.48765088207985147
922854,ILF_right,avg-1-20 , 1 , 0.5559941645928087 , 0.16352012357332876 , 0.6466874610106051
922854,OR_left,sel-1-20-bootstrap , 1 , 0.49434818864078567 , 0.11887334383396646 , 0.6128708037791115
922854,CG_right,rank-3-bootstrap , 1 , 0.635976714811357 , 0.13010049975286947 , 0.7202139403268187
922854,OR_right,sel-1-20-bootstrap , 1 , 0.4510228793575935 , 0.13816837677649607 , 0.5676130895091434
922854,CG_right,avg-1-20 , 1 , 0.6355648305782855 , 0.12084683398319512 , 0.7237082779645119
922854,OR_right,rank-3 , 1 , 0.6712765279459563 , 0.2747434835255879 , 0.6898968396921565
922854,OR_left,rank-3 , 1 , 0.6487538219216159 , 0.3142777726304086 , 0.6609713503563506
922854,ILF_right,rank-3-bootstrap , 1 , 0.5585686089419034 , 0.17137217883806746 , 0.6457661590356665
922854,OR_right,avg-1-20 , 1 , 0.696705117583328 , 0.2694538270346058 , 0.7086966386827007
922854,ILF_right,avg-1-20-bootstrap , 1 , 0.5627735347120914 , 0.16965588260533768 , 0.6496928868634833
922854,OR_right,avg-1-20-bootstrap , 1 , 0.682811802944363 , 0.25849212924606463 , 0.7034568792882703
922854,OR_left,avg-1-20 , 1 , 0.6510701380524414 , 0.24988418419345873 , 0.6849929326899644
922854,OR_right,rank-3-bootstrap , 1 , 0.7113632018354471 , 0.3192913134918106 , 0.700624548849763
922854,OR_left,avg-1-20-bootstrap , 1 , 0.6328638932641527 , 0.2953303066802557 , 0.6564316947768007
922854,OR_left,rank-3-bootstrap , 1 , 0.6460668952098583 , 0.303159455202446 , 0.6628957125202015
930449,CST_left,sel-1-20 , 1 , 0.1530062893081761 , 0.0007547169811320754 , 0.26523047403078803
930449,CST_left,sel-1-20-bootstrap , 1 , 0.511748427672956 , 0.061433962264150946 , 0.6505900789970256
930449,CST_left,rank-3 , 1 , 0.4692830188679245 , 0.1079245283018868 , 0.5950808689826778
930449,CST_left,avg-1-20 , 1 , 0.6164025157232704 , 0.1939119496855346 , 0.6809894385769872
930449,CST_left,avg-1-20-bootstrap , 1 , 0.5971320754716981 , 0.1518490566037736 , 0.6828342107534305
930449,CST_left,rank-3-bootstrap , 1 , 0.5200503144654088 , 0.11803773584905661 , 0.6349479374635255
930449,CST_right,sel-1-20 , 1 , 0.09637051511245999 , 4.157485552737704e-05 , 0.17579250720461095
930449,CST_right,rank-3 , 1 , 0.319876938427639 , 0.07641458445931901 , 0.4581807354473723
930449,CG_left,sel-1-20 , 1 , 0.2773198335497893 , 0.0044263033740623925 , 0.4327219338696003
930449,CG_right,sel-1-20 , 1 , 0.2507659139906956 , 0.02779984114376489 , 0.39226127085552004
930449,CST_right,sel-1-20-bootstrap , 1 , 0.2965950193323078 , 0.020787427763688523 , 0.4502792943478398
930449,CST_right,avg-1-20 , 1 , 0.3837774913732175 , 0.06223755872448343 , 0.5308070498260544
930449,IFO_left,sel-1-20 , 1 , 0.16694238653528015 , 0.011532283200268527 , 0.2833194311639167
930449,CST_right,avg-1-20-bootstrap , 1 , 0.345237600299339 , 0.0461896644909159 , 0.4962352097525995
930449,CST_right,rank-3-bootstrap , 1 , 0.27497609445807175 , 0.041533280671849665 , 0.4177351102128466
930449,CG_left,sel-1-20-bootstrap , 1 , 0.4269394895173474 , 0.02520607490259482 , 0.5880119734248376
930449,IFO_right,sel-1-20 , 1 , 0.13944766450733037 , 0.02216160927378111 , 0.24009392427355444
930449,CG_left,rank-3-bootstrap , 1 , 0.4008852606748125 , 0.024781997932624773 , 0.5623826432913793
930449,CG_right,sel-1-20-bootstrap , 1 , 0.4499413744846628 , 0.08116797155716933 , 0.5877325164892172
930449,IFO_left,sel-1-20-bootstrap , 1 , 0.39919441847083365 , 0.11793617684432617 , 0.5262492493441638
930449,CG_left,rank-3 , 1 , 0.4135545601526677 , 0.03135519096716054 , 0.5724296065303127
930449,CG_left,avg-1-20 , 1 , 0.452304593283681 , 0.031938296800869355 , 0.60947516919945
930449,CG_left,avg-1-20-bootstrap , 1 , 0.43915820721460946 , 0.028333642556123938 , 0.5985153611356946
930449,IFO_left,rank-3 , 1 , 0.4726557817257666 , 0.19305185931094007 , 0.5675134940626124
930449,IFO_right,sel-1-20-bootstrap , 1 , 0.28768129245456214 , 0.06829447402239765 , 0.4243162740319523
930449,IFO_right,rank-3 , 1 , 0.3945290985863778 , 0.17293923260510372 , 0.5033965799953151
930449,ILF_left,sel-1-20 , 1 , 0.06555929584460018 , 0.0 , 0.12305142679579471
930449,IFO_right,avg-1-20 , 1 , 0.4166644811036219 , 0.16677594481890426 , 0.5262774327122153
930449,IFO_left,avg-1-20 , 1 , 0.4988611570644225 , 0.25495696372485555 , 0.5688858509911141
930449,CG_right,rank-3 , 1 , 0.45640909262831425 , 0.1880177011233405 , 0.5550980978448375
930449,ILF_right,sel-1-20 , 1 , 0.03784848298356822 , 0.0004923379900301558 , 0.07290184921763869
930449,IFO_left,avg-1-20-bootstrap , 1 , 0.5076362415785561 , 0.2095950514277494 , 0.5912264045571317
930449,IFO_right,avg-1-20-bootstrap , 1 , 0.4313514647643526 , 0.18951454273649979 , 0.5322481473091486
930449,IFO_left,rank-3-bootstrap , 1 , 0.5105612697499341 , 0.22220623846172288 , 0.5893015275625415
930449,IFO_right,rank-3-bootstrap , 1 , 0.4313514647643526 , 0.19444517296545935 , 0.5306339732214873
930449,ILF_left,sel-1-20-bootstrap , 1 , 0.36443904861762594 , 0.02174272942994316 , 0.5258171105537641
930449,ILF_right,avg-1-20 , 1 , 0.2609391347159825 , 0.07040433257431226 , 0.39199371330837146
930449,ILF_right,sel-1-20-bootstrap , 1 , 0.2115822512154594 , 0.03495599729214106 , 0.33947173537398173
930449,ILF_right,rank-3 , 1 , 0.3236506861960736 , 0.06591174841528709 , 0.4658310819788299
930449,CG_right,avg-1-20-bootstrap , 1 , 0.5013048905026665 , 0.16339498468172017 , 0.6022766000954264
930449,CG_right,rank-3-bootstrap , 1 , 0.4817126215061084 , 0.13620031014788758 , 0.5954740976248364
930449,ILF_left,rank-3 , 1 , 0.37106119971304014 , 0.03426963191876828 , 0.5280766512212361
930449,OR_left,sel-1-20 , 1 , 0.34340461709502323 , 0.05473808122424956 , 0.49122971139903643
930449,ILF_right,avg-1-20-bootstrap , 1 , 0.3411902270908979 , 0.07280448027570928 , 0.48259052924791085
930449,OR_right,sel-1-20 , 1 , 0.24656008907977411 , 0.04239242821919987 , 0.3825743551770949
930449,ILF_left,avg-1-20 , 1 , 0.4250317311406655 , 0.0413884443463385 , 0.5796861475934219
930449,ILF_right,rank-3-bootstrap , 1 , 0.2923872238291587 , 0.08800541571789033 , 0.4236290682122158
930449,OR_right,sel-1-20-bootstrap , 1 , 0.3655452159389167 , 0.19605503857472362 , 0.46816746460222064
930449,ILF_left,avg-1-20-bootstrap , 1 , 0.40726229236797085 , 0.02599194304950058 , 0.5683043277375636
930449,OR_right,rank-3 , 1 , 0.42750338025928575 , 0.3249821045096636 , 0.4878823636198602
930449,ILF_left,rank-3-bootstrap , 1 , 0.4067656310358148 , 0.04078141382925887 , 0.562006785864054
930449,CG_right,avg-1-20 , 1 , 0.5272514089035137 , 0.1488331631302243 , 0.6291465451098975
930449,OR_right,avg-1-20 , 1 , 0.43442296985604073 , 0.27869243617275113 , 0.5071730349598403
930449,OR_right,avg-1-20-bootstrap , 1 , 0.4471486518730613 , 0.3004851666268989 , 0.5117189277749966
930449,OR_left,sel-1-20-bootstrap , 1 , 0.5835458766594729 , 0.24249558563861096 , 0.6391375975932956
930449,OR_right,rank-3-bootstrap , 1 , 0.4519207826294441 , 0.3756462260399268 , 0.49456001392636434
930449,OR_left,rank-3 , 1 , 0.6865476424040285 , 0.5083382381793212 , 0.6255884631428401
930449,OR_left,avg-1-20 , 1 , 0.6990386501863841 , 0.4193970309332287 , 0.6599573982033156
930449,OR_left,avg-1-20-bootstrap , 1 , 0.6890981623177033 , 0.4612517166960957 , 0.6409172470423649
930449,OR_left,rank-3-bootstrap , 1 , 0.6859590608854882 , 0.5201098685501275 , 0.6218836154507456
932554,CST_left,sel-1-20 , 1 , 0.2383923464878074 , 0.015910154422087038 , 0.38011938318686783
932554,CST_left,rank-3 , 1 , 0.7269276763895388 , 0.46300629127021264 , 0.6638809088534865
932554,CST_left,sel-1-20-bootstrap , 1 , 0.6034939946966152 , 0.2284095044974783 , 0.6588709448528368
932554,CST_left,avg-1-20 , 1 , 0.7115374616544481 , 0.44766807050382157 , 0.6590733962627625
932554,CST_right,sel-1-20 , 1 , 0.15671486528659107 , 0.015707895558098407 , 0.26733507830176123
932554,CST_left,avg-1-20-bootstrap , 1 , 0.7276555919513337 , 0.4680497062340768 , 0.6627989580866682
932554,CST_right,rank-3 , 1 , 0.6553625299074171 , 0.3142619369603662 , 0.6654695257209253
932554,CST_left,rank-3-bootstrap , 1 , 0.7189725991784953 , 0.45203556387459054 , 0.6623398395401748
932554,CST_right,sel-1-20-bootstrap , 1 , 0.6257151773639863 , 0.23946738791220223 , 0.6709425543781372
932554,CST_right,avg-1-20 , 1 , 0.7281805887860189 , 0.3505149277020701 , 0.700613036406856
932554,IFO_left,rank-3 , 1 , 0.33738830275867826 , 0.06847980402527629 , 0.4799714868423658
932554,IFO_left,sel-1-20 , 1 , 0.07610722935166885 , 0.0009464688361217048 , 0.14132485590964308
932554,IFO_left,avg-1-20 , 1 , 0.32672660969295436 , 0.0948417448431367 , 0.4596706287817965
932554,CST_right,rank-3-bootstrap , 1 , 0.6837095599708728 , 0.3435451992094039 , 0.6745176518883416
932554,CST_right,avg-1-20-bootstrap , 1 , 0.7068032872152293 , 0.3953500468116093 , 0.6724564528899446
932554,CG_right,sel-1-20 , 1 , 0.4296611672875643 , 0.015930459464254036 , 0.5944433536226192
932554,IFO_left,sel-1-20-bootstrap , 1 , 0.23400050107173678 , 0.032625337527489355 , 0.36948638491461727
932554,IFO_left,rank-3-bootstrap , 1 , 0.3159257300336832 , 0.059098627620187624 , 0.45952019435165503
932554,IFO_left,avg-1-20-bootstrap , 1 , 0.34454249366701 , 0.09815438576956267 , 0.47763670744414
932554,IFO_right,sel-1-20 , 1 , 0.17865328893309693 , 0.0009946806210266834 , 0.3028925468343293
932554,ILF_left,sel-1-20 , 1 , 0.06336461255683468 , 0.0 , 0.11917758369723436
932554,CG_left,sel-1-20 , 1 , 0.3617762877820349 , 0.008860153256704981 , 0.5278953294250107
932554,IFO_right,sel-1-20-bootstrap , 1 , 0.4209228906283787 , 0.0780175582753103 , 0.5616272360069244
932554,ILF_left,rank-3 , 1 , 0.39987423817355133 , 0.03342362387539905 , 0.5579778617710583
932554,ILF_left,avg-1-20 , 1 , 0.3995356486408049 , 0.024136596691496565 , 0.5612747596235518
932554,ILF_right,rank-3 , 1 , 0.491612732796196 , 0.17078325188218202 , 0.591450818369617
932554,ILF_right,avg-1-20 , 1 , 0.47589486197331926 , 0.10949676396777176 , 0.6003499125218695
932554,CG_right,sel-1-20-bootstrap , 1 , 0.5860918928508072 , 0.13684583998580804 , 0.6803401906880007
932554,ILF_left,sel-1-20-bootstrap , 1 , 0.3174518719164168 , 0.017509915836316146 , 0.47559694191818547
932554,ILF_right,sel-1-20 , 1 , 0.0953638885219918 , 0.009972262580900806 , 0.17255183127203202
932554,ILF_left,avg-1-20-bootstrap , 1 , 0.4177227435426139 , 0.03414917287414143 , 0.5754264392324094
932554,ILF_right,sel-1-20-bootstrap , 1 , 0.44624224012679964 , 0.10883634922731475 , 0.5739159977916507
932554,IFO_right,avg-1-20 , 1 , 0.5661678847900359 , 0.17780997275440039 , 0.6492833407727024
932554,ILF_left,rank-3-bootstrap , 1 , 0.36833704169488246 , 0.021331140563026024 , 0.5301079011486252
932554,ILF_right,avg-1-20-bootstrap , 1 , 0.5004622903183199 , 0.13677189274864615 , 0.6113508934694042
932554,IFO_right,avg-1-20-bootstrap , 1 , 0.5796825671409419 , 0.19683864550447605 , 0.6526041603271785
932554,ILF_right,rank-3-bootstrap , 1 , 0.5123497556465461 , 0.14951789723946637 , 0.6165951359084406
932554,CG_right,rank-3 , 1 , 0.6147241440482526 , 0.24821713677488025 , 0.6599501018911764
932554,IFO_right,rank-3 , 1 , 0.5793582147645202 , 0.19595208234225664 , 0.6526838893557935
932554,OR_right,sel-1-20 , 1 , 0.3110200638669639 , 0.03139121527986986 , 0.4633752244165171
932554,IFO_right,rank-3-bootstrap , 1 , 0.5721792154997188 , 0.19932534705704277 , 0.645981080256332
932554,OR_left,sel-1-20 , 1 , 0.37151965993623803 , 0.030690754516471838 , 0.529905720435323
932554,OR_right,rank-3 , 1 , 0.5189492076881365 , 0.14858106886786768 , 0.6224165341812401
932554,OR_right,avg-1-20 , 1 , 0.5397360968849793 , 0.14647225402181116 , 0.6401772314728793
932554,OR_right,sel-1-20-bootstrap , 1 , 0.4938844369464361 , 0.1271314092908357 , 0.6093517692536425
932554,CG_right,avg-1-20-bootstrap , 1 , 0.6242682277807344 , 0.22629058009579564 , 0.6746807776371794
932554,OR_right,rank-3-bootstrap , 1 , 0.5120202446225222 , 0.16828342471531 , 0.6094377510040161
932554,OR_right,avg-1-20-bootstrap , 1 , 0.5363619931312887 , 0.15767909863228294 , 0.6332337459098022
932554,CG_right,rank-3-bootstrap , 1 , 0.624445627106617 , 0.1778250842646798 , 0.6929543083252948
932554,CG_right,avg-1-20 , 1 , 0.6278516941635621 , 0.1816214298385666 , 0.6939607843137255
932554,OR_left,sel-1-20-bootstrap , 1 , 0.5302869287991498 , 0.09343251859723699 , 0.6531755589297868
932554,OR_left,rank-3 , 1 , 0.6000425079702444 , 0.18503719447396386 , 0.6722865171214936
932554,OR_left,avg-1-20 , 1 , 0.6033156216790648 , 0.1326673751328374 , 0.6950708881216484
951457,CG_left,sel-1-20 , 1 , 0.11437194095683968 , 0.00046429745990597974 , 0.20518159890329185
932554,OR_left,avg-1-20-bootstrap , 1 , 0.5899256110520723 , 0.14478214665249733 , 0.6801440858634125
932554,OR_left,rank-3-bootstrap , 1 , 0.5996599362380446 , 0.16017003188097767 , 0.6814975845410628
951457,CST_left,sel-1-20 , 1 , 0.20555485656769 , 0.013022143935581279 , 0.3373686791770992
951457,CST_left,rank-3 , 1 , 0.42658530447911425 , 0.11987292400603926 , 0.5516932777382284
951457,CG_right,sel-1-20 , 1 , 0.31774832493764366 , 0.023255245268254513 , 0.4738963146665694
951457,CST_left,avg-1-20 , 1 , 0.5231504781077001 , 0.16431806743834926 , 0.6200417536534447
951457,CST_left,sel-1-20-bootstrap , 1 , 0.42419476597886263 , 0.09518117765475591 , 0.5583802583636965
951457,CST_right,sel-1-20 , 1 , 0.14255394411036434 , 0.004952246197382384 , 0.24845869297163994
951457,CST_right,rank-3 , 1 , 0.3794835514679873 , 0.04361513972408914 , 0.5333200765578783
951457,CG_left,sel-1-20-bootstrap , 1 , 0.36060436052697764 , 0.021938054980557543 , 0.521653956482194
951457,CST_right,avg-1-20 , 1 , 0.5432260346657234 , 0.100884329678104 , 0.6608145614148325
951457,CST_left,avg-1-20-bootstrap , 1 , 0.47861097131353797 , 0.12374182184197283 , 0.5973852616701346
951457,CST_right,sel-1-20-bootstrap , 1 , 0.4628581535196321 , 0.045277679518924654 , 0.6138149407763575
951457,CST_left,rank-3-bootstrap , 1 , 0.4581341217916457 , 0.13031580271766482 , 0.5768316831683168
951457,IFO_left,sel-1-20 , 1 , 0.026253964524844357 , 1.4683425349465524e-05 , 0.05116392199504958
932554,CG_left,rank-3 , 1 , 0.5996966794380587 , 0.0778788846317582 , 0.7149563838223632
951457,CST_right,avg-1-20-bootstrap , 1 , 0.4822780332507959 , 0.07049876193845066 , 0.6211814019181265
951457,CST_right,rank-3-bootstrap , 1 , 0.3962858153519632 , 0.05337813937035727 , 0.5467278317310038
951457,IFO_left,rank-3 , 1 , 0.27208387172559617 , 0.05346235169740397 , 0.41052340072002214
951457,IFO_left,sel-1-20-bootstrap , 1 , 0.23672618348408317 , 0.0372665335369435 , 0.37162878613249734
932554,CG_left,avg-1-20-bootstrap , 1 , 0.6187207322264794 , 0.0990581098339719 , 0.7203729805919983
951457,IFO_left,avg-1-20 , 1 , 0.2851814871373194 , 0.05654587102079173 , 0.42509603072983354
951457,CG_right,sel-1-20-bootstrap , 1 , 0.47393260625030564 , 0.07807991392380301 , 0.6107329677947942
951457,IFO_right,sel-1-20 , 1 , 0.07235760203318882 , 3.322203950100497e-05 , 0.1349463281649344
951457,IFO_left,avg-1-20-bootstrap , 1 , 0.2859743921061905 , 0.05789674615294256 , 0.4255979371305573
951457,IFO_left,rank-3-bootstrap , 1 , 0.2870462821567015 , 0.06029014448490544 , 0.4260944430519077
951457,ILF_left,sel-1-20 , 1 , 0.05685382338649114 , 0.00044175464946768567 , 0.10754575081474053
951457,ILF_left,sel-1-20-bootstrap , 1 , 0.09285682731810753 , 0.0015903167380836682 , 0.16968718466195762
951457,ILF_left,rank-3 , 1 , 0.1604894641516102 , 0.002738878826699651 , 0.2759380221783381
932554,CG_left,avg-1-20 , 1 , 0.6429863771817795 , 0.10624201787994891 , 0.7351657210653606
951457,IFO_right,rank-3 , 1 , 0.3375359213302105 , 0.04192621385026827 , 0.4893732313805768
951457,ILF_left,avg-1-20 , 1 , 0.07200600786323276 , 0.0006626319742015285 , 0.1342558273618318
951457,IFO_right,sel-1-20-bootstrap , 1 , 0.2394146276639923 , 0.018753841298317305 , 0.3805764229037667
932554,CG_left,rank-3-bootstrap , 1 , 0.6229512558535547 , 0.1110046828437633 , 0.7185318172750847
951457,IFO_right,avg-1-20 , 1 , 0.3252603777345891 , 0.04521519576086776 , 0.4746678948899447
951457,ILF_right,sel-1-20 , 1 , 0.02553721582061663 , 0.0009342883836810962 , 0.04975728155339806
951457,ILF_left,avg-1-20-bootstrap , 1 , 0.13977117109157575 , 0.002341299642178734 , 0.24475903148448983
951457,ILF_left,rank-3-bootstrap , 1 , 0.12607677695807748 , 0.0015461412731368998 , 0.22361513750685574
951457,ILF_right,sel-1-20-bootstrap , 1 , 0.16910619744627842 , 0.03901766249944388 , 0.2799484441171055
951457,ILF_right,rank-3 , 1 , 0.23072474084619835 , 0.0586377185567469 , 0.35788965184086124
951457,IFO_right,rank-3-bootstrap , 1 , 0.3257919303666052 , 0.048005847078952175 , 0.4742938672857419
951457,OR_left,sel-1-20 , 1 , 0.2229732211732726 , 0.003967233589244389 , 0.3634621717912637
951457,ILF_right,avg-1-20 , 1 , 0.2196467500111225 , 0.05401076656137385 , 0.344907083973732
951457,IFO_right,avg-1-20-bootstrap , 1 , 0.34610720752146973 , 0.05157721632531021 , 0.49525801621069143
951457,ILF_right,rank-3-bootstrap , 1 , 0.21849001201227922 , 0.05654669217422254 , 0.34271956453470115
951457,ILF_right,avg-1-20-bootstrap , 1 , 0.2599991102015394 , 0.07892512345953641 , 0.38837016115633827
951457,OR_right,sel-1-20 , 1 , 0.19048056180290998 , 0.016431817138660668 , 0.31564936299676744
951457,OR_left,rank-3 , 1 , 0.39709069536788744 , 0.047937405870036365 , 0.5495958106665311
951457,OR_right,sel-1-20-bootstrap , 1 , 0.261073116996374 , 0.05774085463808693 , 0.39592106636967944
951457,OR_right,avg-1-20 , 1 , 0.2910451186487355 , 0.06017349795749759 , 0.4307890893033051
951457,OR_right,rank-3 , 1 , 0.2992610272180658 , 0.06499288566576399 , 0.4387174915048952
951457,OR_left,sel-1-20-bootstrap , 1 , 0.31587260772141207 , 0.02586048561877824 , 0.47084268740075563
951457,CG_right,rank-3 , 1 , 0.5206631779723186 , 0.11028512740255295 , 0.6384790692095478
951457,OR_right,avg-1-20-bootstrap , 1 , 0.2938449534125855 , 0.05549180704089595 , 0.4355398326416763
951457,OR_right,rank-3-bootstrap , 1 , 0.3043558085096617 , 0.06930738513792628 , 0.44313017909649827
951457,OR_left,avg-1-20 , 1 , 0.37497704147228444 , 0.0387539947838225 , 0.530478615600478
951457,OR_left,rank-3-bootstrap , 1 , 0.3732505601880763 , 0.03812952282995996 , 0.5289157253656759
951457,OR_left,avg-1-20-bootstrap , 1 , 0.3723689527237997 , 0.04014987326892701 , 0.5272410475125477
951457,CG_right,avg-1-20-bootstrap , 1 , 0.5091945028610554 , 0.10434293539394532 , 0.6311530067895247
951457,CG_left,avg-1-20 , 1 , 0.4536186183281422 , 0.0584434427656652 , 0.6
951457,CG_left,rank-3-bootstrap , 1 , 0.4536186183281422 , 0.06225455108239345 , 0.598491519583445
951457,CG_right,avg-1-20 , 1 , 0.5395412529955494 , 0.11268156697804078 , 0.6531095521416097
951457,CG_right,rank-3-bootstrap , 1 , 0.5262385680050863 , 0.12160708172348021 , 0.6386988588303382
957974,CST_left,sel-1-20 , 1 , 0.14103703703703704 , 0.003703703703703704 , 0.24640869677753333
957974,CST_left,rank-3 , 1 , 0.6275555555555555 , 0.2596049382716049 , 0.6650791573989271
957974,CST_left,sel-1-20-bootstrap , 1 , 0.5190123456790123 , 0.10795061728395061 , 0.6380137194196565
951457,CG_left,avg-1-20-bootstrap , 1 , 0.45381207560310305 , 0.05718597047841984 , 0.600678573714871
957974,CST_left,avg-1-20 , 1 , 0.6741728395061728 , 0.30375308641975307 , 0.6816967518038599
957974,CG_right,sel-1-20 , 1 , 0.3363294447631797 , 0.03031172308280742 , 0.4921986146418826
957974,CST_right,sel-1-20 , 1 , 0.24826071036250458 , 0.013273526180886123 , 0.3935853711631957
957974,CST_left,rank-3-bootstrap , 1 , 0.6465185185185185 , 0.3035555555555556 , 0.6630707285573197
957974,CST_left,avg-1-20-bootstrap , 1 , 0.6684444444444444 , 0.2889382716049383 , 0.682998208744355
957974,CST_right,sel-1-20-bootstrap , 1 , 0.3998077627242768 , 0.04183449285975833 , 0.5546559989840302
957974,CG_left,sel-1-20 , 1 , 0.3476539400951279 , 0.007481681450057848 , 0.5130909918797906
957974,CST_right,rank-3 , 1 , 0.5296594653972904 , 0.13310142804833394 , 0.6370843426558027
957974,CST_right,avg-1-20 , 1 , 0.6223452947638227 , 0.16582753570120834 , 0.6960683935701854
957974,IFO_left,sel-1-20 , 1 , 0.17157352132189646 , 0.001670707605794503 , 0.2924770769658238
957974,CST_right,rank-3-bootstrap , 1 , 0.5461369461735628 , 0.1447729769315269 , 0.645968113039006
957974,CST_right,avg-1-20-bootstrap , 1 , 0.5887037715122666 , 0.15566642255584034 , 0.6749757287922122
957974,IFO_left,sel-1-20-bootstrap , 1 , 0.3730771581671115 , 0.07774902711843687 , 0.5142961465003932
957974,IFO_right,sel-1-20 , 1 , 0.18090392572209135 , 0.004790845920852058 , 0.3051441737765682
957974,IFO_left,rank-3 , 1 , 0.4333245043907011 , 0.12458996352967544 , 0.5562879263444235
957974,IFO_left,avg-1-20 , 1 , 0.4914936533485463 , 0.1808439110857562 , 0.5877923976608187
957974,IFO_left,rank-3-bootstrap , 1 , 0.41812514007457063 , 0.12359161386279822 , 0.5424149916081883
957974,IFO_left,avg-1-20-bootstrap , 1 , 0.4609319288523054 , 0.16405533709582118 , 0.5673052811073775
957974,ILF_left,sel-1-20 , 1 , 0.05060052219321149 , 0.0002610966057441253 , 0.09630292188431723
957974,CG_right,sel-1-20-bootstrap , 1 , 0.6058519793459552 , 0.1587939057818576 , 0.6866555884690413
957974,IFO_right,sel-1-20-bootstrap , 1 , 0.3337160730900956 , 0.028606497337319105 , 0.48992225532224076
957974,CG_right,rank-3-bootstrap , 1 , 0.6080193791037165 , 0.19171925798431821 , 0.6756751970247056
957974,IFO_right,rank-3-bootstrap , 1 , 0.4125868588284204 , 0.0843347257141726 , 0.5512471235485492
957974,IFO_right,avg-1-20-bootstrap , 1 , 0.419753330825728 , 0.08583928889592778 , 0.5575921737758376
957974,IFO_right,rank-3 , 1 , 0.4172391265614792 , 0.09708391899115079 , 0.5510569594603427
957974,CG_right,avg-1-20 , 1 , 0.6325301204819277 , 0.23388793268311342 , 0.6778011168604949
957974,ILF_right,rank-3 , 1 , 0.3988718775181305 , 0.06837803614596523 , 0.5436999843088027
957974,ILF_right,avg-1-20 , 1 , 0.30430528375733856 , 0.04915390813859791 , 0.44967042313416966
957974,CG_left,rank-3-bootstrap , 1 , 0.5252860264815529 , 0.0535544414449158 , 0.6654073507140648
957974,ILF_left,sel-1-20-bootstrap , 1 , 0.19968668407310705 , 0.0013577023498694517 , 0.33252173913043476
957974,ILF_left,rank-3-bootstrap , 1 , 0.24652741514360313 , 0.010234986945169713 , 0.39232143599119124
957974,IFO_right,avg-1-20 , 1 , 0.4224259101617405 , 0.06418149783224121 , 0.5683086306313505
957974,CG_right,rank-3 , 1 , 0.6029833620195066 , 0.16070631733282337 , 0.6837748942783822
957974,ILF_left,avg-1-20-bootstrap , 1 , 0.250757180156658 , 0.015822454308093994 , 0.39595959595959596
957974,CG_right,avg-1-20-bootstrap , 1 , 0.6256454388984509 , 0.23015873015873015 , 0.6742580379225062
957974,ILF_left,avg-1-20 , 1 , 0.252532637075718 , 0.0041253263707571805 , 0.40191148971535423
957974,CG_left,avg-1-20 , 1 , 0.5702789561640313 , 0.07139735184471012 , 0.6947520085195684
957974,ILF_left,rank-3 , 1 , 0.2759791122715405 , 0.027676240208877285 , 0.4233927498497897
957974,CG_left,avg-1-20-bootstrap , 1 , 0.5437202725286027 , 0.06594677979174701 , 0.6755686174290826
957974,ILF_right,sel-1-20 , 1 , 0.1086105675146771 , 0.019799700702198688 , 0.1925019127773527
957974,OR_right,sel-1-20 , 1 , 0.1509030780971763 , 0.021521241414398373 , 0.2574205867036973
957974,ILF_right,sel-1-20-bootstrap , 1 , 0.2323586969034189 , 0.011626568435593416 , 0.3735714616203211
958976,CST_left,sel-1-20 , 1 , 0.15854632587859424 , 0.006269968051118211 , 0.2722254602804539
957974,OR_left,sel-1-20 , 1 , 0.4292878635907723 , 0.02106318956870612 , 0.5919778699861687
957974,ILF_right,rank-3-bootstrap , 1 , 0.35265339012317254 , 0.07292506043513296 , 0.4947512919896641
957974,ILF_right,avg-1-20-bootstrap , 1 , 0.30528375733855184 , 0.05191665707378842 , 0.4498727735368957
957974,OR_right,sel-1-20-bootstrap , 1 , 0.29305520223861614 , 0.04889341134571356 , 0.4367606915377616
958976,CST_right,sel-1-20 , 1 , 0.2163907585955976 , 0.01760050936874659 , 0.35071683927320974
957974,OR_right,avg-1-20 , 1 , 0.4035614347494276 , 0.10821673874332231 , 0.5338897489398936
957974,OR_right,rank-3-bootstrap , 1 , 0.4361740015263292 , 0.17725769524294072 , 0.5406786074672049
957974,OR_right,avg-1-20-bootstrap , 1 , 0.42014754515390484 , 0.1502416687865683 , 0.5350871509103868
957974,OR_right,rank-3 , 1 , 0.43861612821165097 , 0.14586619180870009 , 0.5536396622033843
957974,OR_left,sel-1-20-bootstrap , 1 , 0.6218655967903711 , 0.08922004107560777 , 0.7268667131891138
958976,IFO_left,sel-1-20 , 1 , 0.12078764446134668 , 0.006951046882592804 , 0.21421211383180022
958976,CST_left,sel-1-20-bootstrap , 1 , 0.6081869009584665 , 0.13773961661341852 , 0.6966924378974335
958976,CST_right,sel-1-20-bootstrap , 1 , 0.5865472075677642 , 0.14867200291067856 , 0.6760496933480107
958976,CST_right,rank-3 , 1 , 0.5601237038384573 , 0.23039839912679644 , 0.6256540513081026
958976,CST_right,avg-1-20 , 1 , 0.6608604693469164 , 0.27696925595779515 , 0.6820624750639537
958976,CST_left,rank-3-bootstrap , 1 , 0.6144568690095846 , 0.19221246006389775 , 0.6802095537036628
958976,CST_right,rank-3-bootstrap , 1 , 0.5704020374749863 , 0.2196652719665272 , 0.6372967479674797
958976,CST_left,avg-1-20-bootstrap , 1 , 0.639496805111821 , 0.22252396166134186 , 0.6868847184986595
958976,IFO_right,sel-1-20 , 1 , 0.08931175776095562 , 0.0113896798388777 , 0.16228153195785222
958976,CST_left,rank-3 , 1 , 0.5884584664536742 , 0.1948083067092652 , 0.6599780529863615
958976,CST_right,avg-1-20-bootstrap , 1 , 0.6203383663816627 , 0.3055757686010551 , 0.644201478262923
957974,OR_left,avg-1-20-bootstrap , 1 , 0.7272770693031475 , 0.20733629459807995 , 0.7518577953339094
957974,OR_left,rank-3 , 1 , 0.731623441753833 , 0.2081004919520466 , 0.7543583177385994
957974,OR_left,avg-1-20 , 1 , 0.7298084730381621 , 0.18866122176051967 , 0.7608235616301939
957974,OR_left,rank-3-bootstrap , 1 , 0.7280412666571142 , 0.19410612790753212 , 0.7575290726567936
958976,IFO_left,sel-1-20-bootstrap , 1 , 0.39868162515053557 , 0.09177917221271471 , 0.534977673825218
958976,IFO_left,rank-3 , 1 , 0.421901079630686 , 0.11943546512856268 , 0.5474483571614601
958976,CST_left,avg-1-20 , 1 , 0.6953674121405751 , 0.276797124600639 , 0.705181945203815
958976,ILF_left,sel-1-20 , 1 , 0.0951278928136419 , 0.0005481120584652862 , 0.17364237674392752
958976,CG_right,sel-1-20 , 1 , 0.2714996662013716 , 0.033501244158524006 , 0.41609115219160564
958976,IFO_left,avg-1-20 , 1 , 0.4438739937884262 , 0.1162451670152754 , 0.5690257576988705
958976,IFO_left,rank-3-bootstrap , 1 , 0.45090955187931797 , 0.12140035072151444 , 0.5735632029454844
958976,IFO_left,avg-1-20-bootstrap , 1 , 0.48433373476157277 , 0.14035198918256533 , 0.5962183671877032
958976,ILF_left,sel-1-20-bootstrap , 1 , 0.3115712545676005 , 0.01753958587088916 , 0.46884164222873903
958976,CG_left,sel-1-20 , 1 , 0.29741365862789754 , 0.018438211711852243 , 0.45204732437110273
958976,ILF_left,rank-3 , 1 , 0.3725334957369062 , 0.05816077953714982 , 0.5207730291162949
958976,ILF_left,avg-1-20-bootstrap , 1 , 0.37216808769792936 , 0.052801461632155905 , 0.5223523378066501
958976,ILF_left,avg-1-20 , 1 , 0.36863580998781975 , 0.03909866017052375 , 0.5237291801860264
958976,IFO_right,rank-3 , 1 , 0.4341968192235572 , 0.11123457647521819 , 0.5619101830492226
958976,ILF_right,sel-1-20 , 1 , 0.16074096205557215 , 0.0014511929659823295 , 0.276616842337214
958976,IFO_right,sel-1-20-bootstrap , 1 , 0.3224529481213973 , 0.056554853346297194 , 0.4676593530191878
958976,ILF_left,rank-3-bootstrap , 1 , 0.362911084043849 , 0.057429963459196105 , 0.5110196381099391
958976,IFO_right,avg-1-20 , 1 , 0.4635970090515545 , 0.1311433664374841 , 0.5814075020322843
958976,OR_left,sel-1-20 , 1 , 0.48381768440613226 , 0.03520363392350178 , 0.6370123691722169
958976,IFO_right,avg-1-20-bootstrap , 1 , 0.44565594832974514 , 0.09910410445169804 , 0.576990513869532
958976,IFO_right,rank-3-bootstrap , 1 , 0.4154455170497951 , 0.10294696390953076 , 0.5472175636529959
958976,OR_right,sel-1-20 , 1 , 0.30016951362628763 , 0.041813361150954055 , 0.4473522267206478
958976,ILF_right,sel-1-20-bootstrap , 1 , 0.42477271757223956 , 0.05301122540441333 , 0.5748779712907605
958976,ILF_right,rank-3 , 1 , 0.4922531904904179 , 0.08980323530667123 , 0.6222953650245509
958976,ILF_right,avg-1-20 , 1 , 0.4975030944555892 , 0.1142601049980793 , 0.6173401832530057
958976,ILF_right,avg-1-20-bootstrap , 1 , 0.4895215331426864 , 0.1142601049980793 , 0.6104590818363274
959574,CST_left,sel-1-20 , 1 , 0.303492783325339 , 0.029215540923559935 , 0.4554526715309361
958976,ILF_right,rank-3-bootstrap , 1 , 0.5022834948141193 , 0.10704682231422596 , 0.6242142951863148
959574,CST_right,sel-1-20 , 1 , 0.08859134262655906 , 0.005915260454878944 , 0.16188361473040344
958976,OR_left,sel-1-20-bootstrap , 1 , 0.669023899241212 , 0.15320291126825994 , 0.734292674635998
958976,OR_right,sel-1-20-bootstrap , 1 , 0.4432998652583996 , 0.11818142304516017 , 0.5677940153096729
958976,OR_left,rank-3 , 1 , 0.687451607907913 , 0.2057502709957157 , 0.7262316983395588
959574,CG_right,sel-1-20 , 1 , 0.2987147672136005 , 0.04070521130412238 , 0.4460360036501396
958976,OR_left,avg-1-20 , 1 , 0.6998399834821659 , 0.17612140608062768 , 0.7461134193654899
959574,IFO_left,sel-1-20 , 1 , 0.13851254553640865 , 0.009741721583234416 , 0.2412576195059352
958976,OR_right,rank-3 , 1 , 0.59507975833442 , 0.2064154387795019 , 0.6606509518179844
958976,OR_left,rank-3-bootstrap , 1 , 0.6796056367108863 , 0.21106694884633254 , 0.7189035710385497
959574,CG_left,sel-1-20 , 1 , 0.29103563640708546 , 0.004958628311975386 , 0.4491310561010464
958976,OR_left,avg-1-20-bootstrap , 1 , 0.7104733391833996 , 0.18520621483507976 , 0.749571136827774
958976,OR_right,avg-1-20 , 1 , 0.6197678967270831 , 0.16664493415047593 , 0.6938686131386861
958976,OR_right,rank-3-bootstrap , 1 , 0.5985569609249359 , 0.20685008910331637 , 0.6630714784409081
958976,OR_right,avg-1-20-bootstrap , 1 , 0.584735080627635 , 0.1841178771678185 , 0.6611460585806959
959574,CST_right,sel-1-20-bootstrap , 1 , 0.44254402054292 , 0.08418928833455612 , 0.5797266856885418
959574,CST_right,avg-1-20 , 1 , 0.4898661041819516 , 0.13316214233308876 , 0.6036445825681593
959574,CST_right,rank-3 , 1 , 0.4452494497432135 , 0.09028796771826852 , 0.5799265386567922
959574,CST_left,sel-1-20-bootstrap , 1 , 0.7606941961365717 , 0.21501766014040902 , 0.7700456862874926
959574,IFO_left,sel-1-20-bootstrap , 1 , 0.3342474724734968 , 0.10472350701976997 , 0.4645645773776507
959574,CST_right,avg-1-20-bootstrap , 1 , 0.4818415260454879 , 0.10234776228906824 , 0.6083130716684034
959574,CST_right,rank-3-bootstrap , 1 , 0.44025128393250185 , 0.08735326485693323 , 0.5763943086990454
959574,CST_left,rank-3 , 1 , 0.7900405529150133 , 0.3142632887105917 , 0.7508806829955655
959574,IFO_right,sel-1-20 , 1 , 0.12247055270311084 , 0.0056629417094533376 , 0.21712067465363763
959574,ILF_left,sel-1-20 , 1 , 0.17853045343442908 , 0.005387339751583778 , 0.3015926518918008
959574,IFO_left,rank-3 , 1 , 0.39584953542630263 , 0.15484425524947812 , 0.5105450706084202
959574,ILF_right,sel-1-20 , 1 , 0.07494739114012842 , 0.002374143419845681 , 0.13913653210457777
959574,CST_left,avg-1-20-bootstrap , 1 , 0.8014651375746741 , 0.31369642000610476 , 0.757828766982085
959574,CST_left,rank-3-bootstrap , 1 , 0.7906074216195003 , 0.2870535908952165 , 0.7610552605620501
959574,ILF_left,sel-1-20-bootstrap , 1 , 0.18760911857135731 , 0.005636753628971916 , 0.3144517369675181
959574,IFO_left,avg-1-20 , 1 , 0.44273668699602964 , 0.1944660472350702 , 0.5408452816980637
959574,CG_right,sel-1-20-bootstrap , 1 , 0.5129449238860698 , 0.11941183006778029 , 0.6284715919404611
959574,ILF_right,sel-1-20-bootstrap , 1 , 0.23460853612475044 , 0.009874278314358172 , 0.37703780783905655
959574,ILF_right,rank-3 , 1 , 0.2715156747423515 , 0.030540117628014892 , 0.4170568977663586
959574,CST_left,avg-1-20 , 1 , 0.8293725199494179 , 0.35246151833602235 , 0.7602526181149573
959574,ILF_right,avg-1-20 , 1 , 0.25505854421842117 , 0.012680084174175795 , 0.4023834858480528
959574,ILF_left,rank-3 , 1 , 0.35112485658702053 , 0.02843318202224772 , 0.509039629736766
959574,IFO_right,sel-1-20-bootstrap , 1 , 0.3303130977549582 , 0.10188261351052048 , 0.46126810066076196
959574,ILF_right,rank-3-bootstrap , 1 , 0.26849403766254787 , 0.02147520638860411 , 0.4162797507006316
959574,OR_left,sel-1-20 , 1 , 0.324640624165019 , 0.029818842515898038 , 0.4793655803677109
959574,ILF_right,avg-1-20-bootstrap , 1 , 0.301246425295419 , 0.03577402471267469 , 0.4506235118447072
959574,ILF_left,avg-1-20-bootstrap , 1 , 0.34359255748989875 , 0.03686337107796678 , 0.49779576497795763
959574,ILF_left,rank-3-bootstrap , 1 , 0.36838429690227964 , 0.03766149548560882 , 0.5240004257281725
959574,ILF_left,avg-1-20 , 1 , 0.3214944879533097 , 0.017409088641692022 , 0.4802354606758317
959574,IFO_left,rank-3-bootstrap , 1 , 0.4270189513323237 , 0.17058245671482952 , 0.5345750813455971
959574,OR_right,sel-1-20 , 1 , 0.22552288572294635 , 0.03751136708093362 , 0.3571128577428451
959574,IFO_left,avg-1-20-bootstrap , 1 , 0.4781834554459498 , 0.2214809054070648 , 0.5626798636949271
959574,IFO_right,avg-1-20 , 1 , 0.4101228229135206 , 0.15727876774388402 , 0.5233155629777121
959574,IFO_right,rank-3 , 1 , 0.41807610993657507 , 0.1903755159569113 , 0.5198491558045285
959574,OR_right,sel-1-20-bootstrap , 1 , 0.24280084874204305 , 0.06774780236435284 , 0.37053313287845496
959574,OR_right,rank-3 , 1 , 0.2849348287359806 , 0.10147014246741437 , 0.4110412681060399
959574,OR_right,avg-1-20 , 1 , 0.27591694452864507 , 0.07600788117611397 , 0.40818385650224215
959574,OR_right,avg-1-20-bootstrap , 1 , 0.26424674143679905 , 0.06979387693240376 , 0.39615996364462625
959574,OR_left,sel-1-20-bootstrap , 1 , 0.4488323625287233 , 0.07529524929193608 , 0.5889695312226079
959574,OR_right,rank-3-bootstrap , 1 , 0.3255531979387693 , 0.09866626250378903 , 0.45716718101521764
959574,CG_right,rank-3 , 1 , 0.5278343642357124 , 0.12722693433090115 , 0.6378426765133713
959574,CG_right,avg-1-20-bootstrap , 1 , 0.529056631727101 , 0.140190377421386 , 0.6338865714032129
959574,IFO_right,rank-3-bootstrap , 1 , 0.43919259035538105 , 0.19571126547870735 , 0.537270236152591
959574,CG_right,avg-1-20 , 1 , 0.5601318567354346 , 0.13319011815252416 , 0.6615774968283827
959574,IFO_right,avg-1-20-bootstrap , 1 , 0.45683579985905565 , 0.21174368267391525 , 0.5475745142995052
959574,OR_left,avg-1-20 , 1 , 0.5499385453962486 , 0.13354352589109175 , 0.6533346030536774
959574,OR_left,rank-3 , 1 , 0.5491904023940576 , 0.17624111580184898 , 0.6365832507433102
959574,OR_left,avg-1-20-bootstrap , 1 , 0.5564580772724844 , 0.15892694917971464 , 0.648785046728972
959574,CG_left,sel-1-20-bootstrap , 1 , 0.5280043014607043 , 0.02781013830391015 , 0.6787497120036864
959574,OR_left,rank-3-bootstrap , 1 , 0.5408539517982152 , 0.18842515898038797 , 0.6255253399258344
959574,CG_right,rank-3-bootstrap , 1 , 0.5571687840290381 , 0.15063520871143377 , 0.6524973432518597
959574,CG_left,rank-3 , 1 , 0.5533052543537355 , 0.050512292021387815 , 0.6899852861745916
959574,CG_left,avg-1-20-bootstrap , 1 , 0.5482271410221944 , 0.05242405233443857 , 0.6850051320332182
959574,CG_left,rank-3-bootstrap , 1 , 0.5734384801505511 , 0.05215521104041581 , 0.7055126791620727
959574,CG_left,avg-1-20 , 1 , 0.571496848582609 , 0.05890611464587627 , 0.7010498158699914
